{"30f5ea5965b913c4aa0cb8251cf32822":"Assets/_ImmersiveGames/Scenes/Bira.unity","1fa03b02dcd16e8409a034a865744376":"Assets/_ImmersiveGames/Scenes/Bootstrap.unity","66c2792a7fe56d34088255197e9036aa":"Assets/_ImmersiveGames/Scenes/Game.unity","2431a54f999d32544b38ad85b88b5d23":"Assets/_ImmersiveGames/Scenes/GameTestes.unity","2faa2e65dcc7b6b46b6f6107d4f4e9d7":"Assets/_ImmersiveGames/Scenes/Menu.unity","00b482c8f66b8ad40a0c60d7693a2dc8":"Assets/_ImmersiveGames/Scenes/Menu_old.unity","efe0dd7eb4fe8b3488f444cafaee8ffb":"Assets/_ImmersiveGames/Scenes/TestesPool.unity","155681e6510dbe14a88efba684abb4bc":"Assets/_ImmersiveGames/Scenes/TestesSpawns.unity","f635acd15cad06247994e4fe8bf4abf8":"Assets/_ImmersiveGames/Scenes/TestesTiro.unity","b7a53b31f5034e44d89a0bc27fe739bb":"Assets/_ImmersiveGames/Scenes/UI.unity","20aba6f52adb9c34696d3f23d74b93c8":"Assets/InitTestScene531c94fe-90b1-4653-9270-e2fa71e67608.unity","9fc0d4010bbf28b4594072e72b8655ab":"Assets/Plugins/Better Hierarchy/Demo Scene/Better Hierarchy Demo Scene.unity","47cd513b8c4397e4ca272a1ff269d933":"Assets/Starfield Skybox/Demo/DemoScene.unity","e026d555eae824f65922633f37a14385":"Packages/com.unity.render-pipelines.universal/Editor/SceneTemplates/Basic.unity","5cae0d87369a2405eaa962b8d920b947":"Packages/com.unity.render-pipelines.universal/Editor/SceneTemplates/Standard.unity"}